Zeit,Temperatur,Luftfeuchte,Windgeschwindigkeit,Niederschlagsmenge,Regen
2016-10-17 17:59,7.7,88,3.6,504,0
2016-10-17 17:58,7.7,88,3.6,504,0
2016-10-17 17:56,7.7,88,3.6,504,0
2016-10-17 17:55,7.7,88,3.6,504,0
2016-10-17 17:53,7.7,88,3.6,504,0
2016-10-17 17:52,7.7,88,3.6,504,0
2016-10-17 17:51,7.7,88,3.6,504,0
2016-10-17 17:47,7.7,88,4.1,504,0
2016-10-17 17:46,7.7,88,4.1,504,0
2016-10-17 17:44,7.7,88,4.1,504,0
2016-10-17 17:43,7.7,88,4.1,504,0
2016-10-17 17:41,7.7,88,4.1,504,0
2016-10-17 17:40,7.7,88,4.1,504,0
2016-10-17 17:38,7.7,88,4.1,504,0
2016-10-17 16:54,7.9,88,3.8,504,0
2016-10-17 16:53,7.9,88,3.8,504,0
2016-10-17 16:51,7.9,88,3.8,504,0
2016-10-17 16:50,7.9,88,3.8,504,0
2016-10-17 16:48,7.9,88,3.8,504,0
2016-10-17 16:47,7.9,88,3.8,504,0
2016-10-17 16:45,7.9,88,3.8,504,0
2016-10-17 11:50,7,93,1.3,504,0
2016-10-17 11:50,7,93,1.3,504,0
2016-10-17 11:44,7,93,1.3,504,0
2016-10-17 11:44,7,93,1.3,504,0
2016-10-17 11:42,7,93,1.3,504,0
2016-10-17 04:59,7,95,5,504,0
2016-10-17 04:57,7,95,5,504,0
2016-10-17 04:56,7,95,5,504,0
2016-10-16 23:56,7.9,93,4.1,504,0
2016-10-16 23:41,7.9,93,3.6,504,0
2016-10-16 07:51,7,94,5,504,0
2016-10-16 07:51,7,94,5,504,0
2016-10-16 07:48,7,94,5,504,0
2016-10-16 07:48,7,94,5,504,0
2016-10-16 07:45,7,94,5,504,0
2016-10-16 07:45,7,94,5,504,0
2016-10-16 07:42,7,94,5,504,0
2016-10-16 07:42,7,94,5,504,0
2016-10-15 17:27,9.9,88,4.4,502,0
2016-10-15 17:26,9.9,88,4.4,502,0
2016-10-15 17:26,9.9,88,4.4,502,0
2016-10-15 08:56,6.6,85,9.1,497,0
2016-10-15 08:54,6.6,85,9.1,497,0
2016-10-15 08:53,6.6,85,9.1,497,0
2016-10-15 08:51,6.6,85,9.1,497,0
2016-10-15 08:51,6.6,85,9.1,497,0
2016-10-15 07:43,6.6,85,5.8,497,0
2016-10-15 07:43,6.6,85,5.8,497,0
2016-10-15 07:40,6.6,85,5.8,497,0
2016-10-15 07:40,6.6,85,5.8,497,0
2016-10-15 07:37,6.6,85,5.8,497,0
2016-10-15 07:36,6.6,85,5.8,497,0
2016-10-15 07:31,6.6,85,7.7,497,0
2016-10-15 07:26,6.6,85,7.7,497,0
2016-10-15 05:30,6.7,84,7.7,497,0
2016-10-15 05:28,6.7,84,7.7,497,0
2016-10-15 05:27,6.7,84,7.7,497,0
2016-10-15 05:25,6.7,84,7.7,497,0
2016-10-15 05:22,6.7,84,7.7,497,0
2016-10-15 04:52,6.7,84,8.3,497,0
2016-10-15 04:50,6.7,84,8.3,497,0
2016-10-15 04:49,6.7,84,8.3,497,0
2016-10-15 04:47,6.7,84,8.3,497,0
2016-10-15 04:46,6.7,84,8.3,497,0
2016-10-15 04:43,6.7,84,8.3,497,0
2016-10-15 00:45,7.2,81,7.7,497,0
2016-10-15 00:41,7.2,81,7.7,497,0
2016-10-15 00:40,7.2,81,7.7,497,0
2016-10-15 00:38,7.2,81,7.7,497,0
2016-10-15 00:37,7.2,81,7.7,497,0
2016-10-14 23:00,8,78,8,497,0
2016-10-14 23:00,8,78,8,497,0
2016-10-14 22:58,8,78,8,497,0
2016-10-14 22:54,8,78,8,497,0
2016-10-14 22:52,8,78,8,497,0
2016-10-14 21:44,8.5,75,8.3,497,0
2016-10-14 21:43,8.5,75,8.3,497,0
2016-10-14 21:41,8.5,75,8.3,497,0
2016-10-14 21:40,8.5,75,8.3,497,0
2016-10-14 21:38,8.5,75,8.3,497,0
2016-10-14 21:37,8.5,75,8.3,497,0
2016-10-14 21:36,8.5,75,8.3,497,0
2016-10-14 20:18,9.3,74,9.7,497,0
2016-10-14 20:18,9.3,74,9.7,497,0
2016-10-14 20:15,9.3,74,9.7,497,0
2016-10-14 20:12,9.3,74,9.7,497,0
2016-10-14 20:01,9.4,74,10.5,497,0
2016-10-14 20:00,9.4,74,10.5,497,0
2016-10-14 19:58,9.4,74,10.5,497,0
2016-10-14 19:46,9.3,75,7.5,497,0
2016-10-14 19:45,9.3,75,7.5,497,0
2016-10-14 19:43,9.3,75,7.5,497,0
2016-10-14 19:42,9.3,75,7.5,497,0
2016-10-14 19:40,9.3,75,7.5,497,0
2016-10-14 19:40,9.3,75,7.5,497,0
2016-10-14 19:37,9.3,75,7.5,497,0
2016-10-14 19:37,9.3,75,7.5,497,0
2016-10-14 17:12,11.2,66,8.3,497,0
2016-10-14 17:12,11.2,66,8.3,497,0
2016-10-14 17:10,11.2,66,8.3,497,0
2016-10-14 14:54,11.3,63,12.5,497,0
2016-10-14 14:54,11.3,63,12.5,497,0
2016-10-14 14:51,11.3,63,12.5,497,0
2016-10-14 14:51,11.3,63,12.5,497,0
2016-10-14 14:48,11.3,63,12.5,497,0
2016-10-14 14:48,11.3,63,12.5,497,0
2016-10-14 14:47,11.3,63,12.5,497,0
2016-10-14 14:33,11.2,64,48,497,0
2016-10-14 14:31,11.2,64,48,497,0
2016-10-14 14:30,11.2,64,48,497,0
2016-10-14 14:28,11.2,64,48,497,0
2016-10-14 14:25,11.2,64,48,497,0
2016-10-14 14:24,11.2,64,48,497,0
2016-10-14 14:24,11.2,64,48,497,0
2016-10-14 13:47,10.9,64,15.2,497,0
2016-10-14 13:46,10.9,64,15.2,497,0
2016-10-14 13:44,10.9,64,15.2,497,0
2016-10-14 13:43,10.9,64,15.2,497,0
2016-10-14 13:41,10.9,64,15.2,497,0
2016-10-14 13:40,10.9,64,15.2,497,0
2016-10-14 13:38,10.9,64,15.2,497,0
2016-10-14 13:38,11,64,10,497,0
2016-10-14 13:37,11,64,10,497,0
2016-10-14 13:35,11,64,10,497,0
2016-10-14 13:34,11,64,10,497,0
2016-10-14 13:32,11,64,10,497,0
2016-10-14 13:31,11,64,10,497,0
2016-10-14 13:31,11,64,10,497,0
2016-10-14 12:54,9.5,71,12.7,497,0
2016-10-14 12:53,9.5,71,12.7,497,0
2016-10-14 12:51,9.5,71,12.7,497,0
2016-10-14 12:50,9.5,71,12.7,497,0
2016-10-14 12:48,9.5,71,12.7,497,0
2016-10-14 12:47,9.5,71,12.7,497,0
2016-10-14 12:45,9.5,71,12.7,497,0
2016-10-14 12:00,8,75,6.6,497,0
2016-10-14 11:58,8,75,6.6,497,0
2016-10-14 11:55,8,75,6.6,497,0
2016-10-14 11:52,8,75,6.6,497,0
2016-10-14 11:51,8,75,6.6,497,0
2016-10-14 11:28,7.2,77,11.3,497,0
2016-10-14 11:27,7.2,77,11.3,497,0
2016-10-14 11:26,7.2,77,11.3,497,0
2016-10-14 10:58,6.1,79,8.6,497,0
2016-10-14 10:56,6.1,79,8.6,497,0
2016-10-14 10:55,6.1,79,8.6,497,0
2016-10-14 10:53,6.1,79,8.6,497,0
2016-10-14 10:52,6.1,79,8.6,497,0
2016-10-14 10:50,6.1,79,8.6,497,0
2016-10-14 10:49,6.1,79,8.6,497,0
2016-10-14 10:48,6.1,79,8.6,497,0
2016-10-14 10:35,5.7,81,6.3,497,0
2016-10-14 10:34,5.7,81,6.3,497,0
2016-10-14 10:32,5.7,81,6.3,497,0
2016-10-14 10:31,5.7,81,6.3,497,0
2016-10-14 10:28,5.7,81,6.3,497,0
2016-10-14 10:28,5.7,81,6.3,497,0
2016-10-14 10:06,5.2,83,10.8,496,0
2016-10-14 09:59,5.2,83,10.8,496,0
2016-10-14 09:57,5.2,83,10.8,496,0
2016-10-14 09:57,5.3,83,11.1,496,0
2016-10-14 09:56,5.3,83,11.1,496,0
2016-10-14 09:29,4.6,84,10.5,496,0
2016-10-14 09:28,4.6,84,10.5,496,0
2016-10-14 09:26,4.6,84,10.5,496,0
2016-10-14 09:13,4.2,86,15,496,0
2016-10-14 09:12,4.2,86,15,496,0
2016-10-14 09:10,4.2,86,15,496,0
2016-10-14 09:09,4.2,86,15,496,0
2016-10-14 09:07,4.2,86,15,496,0
2016-10-14 09:06,4.2,86,15,496,0
2016-10-14 09:04,4.2,86,15,496,0
2016-10-14 08:42,3.8,87,11.1,496,0
2016-10-14 08:41,3.8,87,11.1,496,0
2016-10-14 08:39,3.8,87,11.1,496,0
2016-10-14 08:33,3.7,88,13,496,0
2016-10-14 08:26,3.7,88,11.6,496,0
2016-10-14 07:43,3.3,89,11.6,496,0
2016-10-14 07:42,3.3,89,11.6,496,0
2016-10-14 07:40,3.3,89,11.6,496,0
2016-10-14 07:39,3.3,89,11.6,496,0
2016-10-14 07:37,3.3,89,11.6,496,0
2016-10-14 07:36,3.3,89,11.6,496,0
2016-10-14 07:35,3.3,89,11.6,496,0
2016-10-14 07:34,3.3,89,8.6,496,0
2016-10-14 07:33,3.3,89,8.6,496,0
2016-10-14 07:31,3.3,89,8.6,496,0
2016-10-14 07:30,3.3,89,8.6,496,0
2016-10-14 07:28,3.3,89,8.6,496,0
2016-10-14 07:27,3.3,89,8.6,496,0
2016-10-14 07:25,3.3,89,10.8,496,0
2016-10-14 07:24,3.3,89,10.8,496,0
2016-10-14 07:22,3.3,89,10.8,496,0
2016-10-14 07:21,3.3,89,10.8,496,0
2016-10-14 07:19,3.3,89,10.8,496,0
2016-10-14 07:18,3.3,89,10.8,496,0
2016-10-14 07:17,3.3,89,10.8,496,0
2016-10-14 07:08,3.4,89,10.5,496,0
2016-10-14 07:06,3.4,89,10.5,496,0
2016-10-14 07:05,3.4,89,10.5,496,0
2016-10-14 07:04,3.4,89,10.5,496,0
2016-10-14 07:02,3.4,89,10.5,496,0
2016-10-14 07:01,3.4,89,10.5,496,0
2016-10-14 06:59,3.4,89,10.5,496,0
2016-10-14 06:09,3.5,89,5.8,496,0
2016-10-14 06:08,3.5,89,5.8,496,0
2016-10-14 06:06,3.5,89,5.8,496,0
2016-10-14 06:05,3.5,89,5.8,496,0
2016-10-14 06:03,3.5,89,5.8,496,0
2016-10-14 06:02,3.5,89,5.8,496,0
2016-10-14 06:01,3.5,89,5.8,496,0
2016-10-14 06:00,3.6,88,9.7,496,0
2016-10-14 05:59,3.6,88,9.7,496,0
2016-10-14 05:57,3.6,88,9.7,496,0
2016-10-14 05:56,3.6,88,9.7,496,0
2016-10-14 05:56,3.6,88,9.7,496,0
2016-10-14 05:51,3.6,88,25.5,496,0
2016-10-14 05:50,3.6,88,25.5,496,0
2016-10-14 05:48,3.6,88,25.5,496,0
2016-10-14 05:47,3.6,88,25.5,496,0
2016-10-14 05:45,3.6,88,25.5,496,0
2016-10-14 05:44,3.6,88,25.5,496,0
2016-10-14 05:43,3.6,88,25.5,496,0
2016-10-14 05:42,3.7,88,6.1,496,0
2016-10-14 05:41,3.7,88,6.1,496,0
2016-10-14 05:39,3.7,88,6.1,496,0
2016-10-14 05:38,3.7,88,6.1,496,0
2016-10-14 05:38,3.7,88,6.1,496,0
2016-10-14 05:36,3.7,88,3.6,496,0
2016-10-14 05:35,3.7,88,3.6,496,0
2016-10-14 05:33,3.7,88,3.6,496,0
2016-10-14 05:32,3.7,88,3.6,496,0
2016-10-14 05:30,3.7,88,3.6,496,0
2016-10-14 05:30,3.7,88,3.6,496,0
2016-10-14 04:40,4.4,87,8.3,496,0
2016-10-14 04:39,4.4,87,8.3,496,0
2016-10-14 04:37,4.4,87,8.3,496,0
2016-10-14 04:36,4.4,87,8.3,496,0
2016-10-14 04:34,4.4,87,8.3,496,0
2016-10-14 04:33,4.4,87,8.3,496,0
2016-10-14 04:32,4.4,87,8.3,496,0
2016-10-14 03:53,5.1,85,7.5,496,0
2016-10-14 03:52,5.1,85,7.5,496,0
2016-10-14 03:50,5.1,85,7.5,496,0
2016-10-14 03:49,5.1,85,7.5,496,0
2016-10-14 03:47,5.1,85,7.5,496,0
2016-10-14 03:46,5.1,85,7.5,496,0
2016-10-14 03:44,5.1,85,7.5,496,0
2016-10-14 03:43,5.1,85,7.5,496,0
2016-10-14 03:41,5.2,85,5.8,496,0
2016-10-14 03:41,5.2,85,5.8,496,0
2016-10-14 03:38,5.2,85,5.8,496,0
2016-10-14 03:38,5.2,85,5.8,496,0
2016-10-14 03:36,5.2,85,5.8,496,0
2016-10-14 03:26,5.4,85,16.6,496,0
2016-10-14 03:26,5.4,85,16.6,496,0
2016-10-14 03:23,5.4,85,16.6,496,0
2016-10-14 03:23,5.4,85,16.6,496,0
2016-10-14 03:20,5.4,85,16.6,496,0
2016-10-14 03:20,5.4,85,16.6,496,0
2016-10-14 03:18,5.4,85,16.6,496,0
2016-10-14 03:14,5.6,84,7.2,496,0
2016-10-14 03:12,5.6,84,7.2,496,0
2016-10-14 03:11,5.6,84,7.2,496,0
2016-10-14 03:09,5.6,84,7.2,496,0
2016-10-14 03:08,5.6,84,7.2,496,0
2016-10-14 03:06,5.6,84,7.2,496,0
2016-10-14 03:05,5.6,84,7.2,496,0
2016-10-14 03:00,5.9,82,4.4,496,0
2016-10-14 02:59,5.9,82,4.4,496,0
2016-10-14 02:57,5.9,82,4.4,496,0
2016-10-14 02:56,5.9,82,4.4,496,0
2016-10-14 02:54,5.9,82,4.4,496,0
2016-10-14 02:53,5.9,82,4.4,496,0
2016-10-14 02:53,5.9,82,4.4,496,0
2016-10-14 02:27,6.3,79,7.5,496,0
2016-10-14 02:27,6.3,79,7.5,496,0
2016-10-14 02:24,6.3,79,7.5,496,0
2016-10-14 02:24,6.3,79,7.5,496,0
2016-10-14 02:21,6.3,79,7.5,496,0
2016-10-14 02:21,6.3,79,7.5,496,0
2016-10-14 02:20,6.3,79,7.5,496,0
2016-10-14 02:18,6.4,78,7.5,496,0
2016-10-14 02:18,6.4,78,7.5,496,0
2016-10-14 02:16,6.4,78,7.5,496,0
2016-10-14 02:15,6.4,78,7.5,496,0
2016-10-14 02:13,6.4,78,7.5,496,0
2016-10-14 02:12,6.4,78,7.5,496,0
2016-10-14 02:10,6.4,78,7.5,496,0
2016-10-14 02:09,6.4,78,7.5,496,0
2016-10-14 02:07,6.5,77,6.9,496,0
2016-10-14 02:06,6.5,77,6.9,496,0
2016-10-14 02:04,6.5,77,6.9,496,0
2016-10-14 02:03,6.5,77,6.9,496,0
2016-10-14 02:01,6.5,77,6.9,496,0
2016-10-14 02:00,6.5,77,6.9,496,0
2016-10-14 01:59,6.5,77,6.9,496,0
2016-10-14 01:58,6.5,77,7.5,496,0
2016-10-14 01:58,6.5,77,7.5,496,0
2016-10-14 01:55,6.5,77,7.5,496,0
2016-10-14 01:55,6.5,77,7.5,496,0
2016-10-14 01:52,6.5,77,7.5,496,0
2016-10-14 01:52,6.5,77,7.5,496,0
2016-10-14 01:52,6.5,77,7.5,496,0
2016-10-14 01:49,6.4,78,6.1,496,0
2016-10-14 01:49,6.4,78,6.9,496,0
2016-10-14 01:49,6.4,78,6.9,496,0
2016-10-14 01:46,6.4,78,6.9,496,0
2016-10-14 01:46,6.4,78,6.9,496,0
2016-10-14 01:44,6.4,78,6.9,496,0
2016-10-14 01:43,6.4,78,5.8,496,0
2016-10-14 01:43,6.4,78,5.8,496,0
2016-10-14 01:41,6.4,78,5.8,496,0
2016-10-14 01:40,6.4,78,3,496,0
2016-10-14 01:40,6.4,78,3,496,0
2016-10-14 01:37,6.4,78,3,496,0
2016-10-14 01:37,6.4,78,3,496,0
2016-10-14 01:34,6.4,78,3,496,0
2016-10-14 01:34,6.4,78,3,496,0
2016-10-14 01:34,6.4,78,3,496,0
2016-10-14 01:31,6.4,78,4.4,496,0
2016-10-14 01:31,6.4,78,4.4,496,0
2016-10-14 01:14,6.4,78,5.8,496,0
2016-10-14 01:13,6.4,78,5.8,496,0
2016-10-14 01:11,6.4,78,5.8,496,0
2016-10-14 01:10,6.4,78,5.8,496,0
2016-10-14 01:08,6.4,78,5.8,496,0
2016-10-14 01:08,6.4,78,5.8,496,0
2016-10-14 01:06,6.4,78,5.8,496,0
2016-10-14 01:05,6.4,79,5.2,496,0
2016-10-14 01:05,6.4,79,5.2,496,0
2016-10-14 01:03,6.4,79,5.2,496,0
2016-10-14 01:02,6.4,79,4.7,496,0
2016-10-14 01:02,6.4,79,4.7,496,0
2016-10-14 01:01,6.4,79,4.7,496,0
2016-10-14 00:41,6.2,80,3.6,496,0
2016-10-14 00:41,6.2,80,3.6,496,0
2016-10-14 00:38,6.2,80,3.6,496,0
2016-10-14 00:38,6.2,80,3.6,496,0
2016-10-14 00:35,6.2,80,3.6,496,0
2016-10-14 00:35,6.2,80,3.6,496,0
2016-10-14 00:33,6.2,80,3.6,496,0
2016-10-14 00:32,6.1,81,6.3,496,0
2016-10-14 00:32,6.1,81,6.3,496,0
2016-10-14 00:29,6.1,81,6.3,496,0
2016-10-14 00:29,6.1,81,6.3,496,0
2016-10-14 00:26,6.1,81,6.3,496,0
2016-10-14 00:26,6.1,81,6.3,496,0
2016-10-14 00:25,6.1,81,6.3,496,0
2016-10-14 00:23,6.1,81,7.2,496,0
2016-10-14 00:23,6.1,81,7.2,496,0
2016-10-14 00:20,6.1,81,7.2,496,0
2016-10-14 00:20,6.1,81,7.2,496,0
2016-10-14 00:20,6.1,81,7.2,496,0
2016-10-14 00:18,6.1,81,6.9,496,0
2016-10-14 00:15,6.1,81,6.9,496,0
2016-10-14 00:12,6,81,7.2,496,0
2016-10-14 00:12,6,81,7.2,496,0
2016-10-14 00:09,6,81,7.2,496,0
2016-10-14 00:09,6,81,7.2,496,0
2016-10-14 00:06,6,81,7.2,496,0
2016-10-14 00:06,6,81,7.2,496,0
2016-10-14 00:05,6,81,7.2,496,0
2016-10-14 00:03,6,82,7.2,496,0
2016-10-14 00:03,6,82,7.2,496,0
2016-10-14 00:00,6,82,7.2,496,0
2016-10-14 00:00,6,82,7.2,496,0
2016-10-13 23:57,6,82,7.2,496,0
2016-10-13 23:57,6,82,7.2,496,0
2016-10-13 23:55,6,82,7.2,496,0
2016-10-13 23:48,6,82,6.6,496,0
2016-10-13 23:48,6,82,6.6,496,0
2016-10-13 23:45,6,82,6.6,496,0
2016-10-13 23:45,6,82,6.6,496,0
2016-10-13 23:42,6,82,6.6,496,0
2016-10-13 23:42,6,82,6.6,496,0
2016-10-13 23:39,6,82,6.6,496,0
2016-10-13 23:22,6,81,5.8,496,0
2016-10-13 23:21,6,81,5.8,496,0
2016-10-13 23:19,6,81,5.8,496,0
2016-10-13 23:19,6,81,5.8,496,0
2016-10-13 23:16,6,81,5.8,496,0
2016-10-13 23:16,6,81,5.8,496,0
2016-10-13 23:14,6,81,5.8,496,0
2016-10-13 23:13,6,81,5,496,0
2016-10-13 23:13,6,81,5,496,0
2016-10-13 23:11,6,81,5,496,0
2016-10-13 22:58,6,81,4.4,496,0
2016-10-13 22:58,6,81,4.4,496,0
2016-10-13 22:55,6,81,4.4,496,0
2016-10-13 22:55,6,81,4.4,496,0
2016-10-13 22:52,6,81,4.4,496,0
2016-10-13 22:52,6,81,4.4,496,0
2016-10-13 22:51,6,81,4.4,496,0
2016-10-13 22:35,6.1,80,6.3,496,0
2016-10-13 22:34,6.1,80,6.3,496,0
2016-10-13 22:32,6.1,80,6.3,496,0
2016-10-13 22:31,6.1,80,6.3,496,0
2016-10-13 22:29,6.1,80,6.3,496,0
2016-10-13 22:28,6.1,80,6.3,496,0
2016-10-13 22:26,6.1,80,6.3,496,0
2016-10-13 22:26,6.1,80,6.3,496,0
2016-10-13 22:20,6.1,79,6.6,496,0
2016-10-13 22:20,6.1,79,6.6,496,0
2016-10-13 22:17,6.1,79,6.6,496,0
2016-10-13 22:17,6.1,79,6.6,496,0
2016-10-13 22:14,6.1,79,6.6,496,0
2016-10-13 22:14,6.1,79,6.6,496,0
2016-10-13 22:11,6.1,79,6.6,496,0
2016-10-13 22:11,6.1,79,6.6,496,0
2016-10-13 22:10,6.1,79,6.6,496,0
2016-10-13 22:02,6.2,79,6.9,496,0
2016-10-13 22:02,6.2,79,6.9,496,0
2016-10-13 21:59,6.2,79,6.9,496,0
2016-10-13 21:59,6.2,79,6.9,496,0
2016-10-13 21:56,6.2,79,6.9,496,0
2016-10-13 21:56,6.2,79,6.9,496,0
2016-10-13 21:53,6.2,79,6.9,496,0
2016-10-13 21:53,6.2,79,6.9,496,0
2016-10-13 21:53,6.2,79,6.9,496,0
2016-10-13 21:41,6.3,78,10.5,496,0
2016-10-13 21:39,6.3,78,10.5,496,0
2016-10-13 21:38,6.3,78,10.5,496,0
2016-10-13 21:36,6.3,78,10.5,496,0
2016-10-13 21:35,6.3,78,10.5,496,0
2016-10-13 21:33,6.3,78,10.5,496,0
2016-10-13 21:32,6.3,78,10.5,496,0
2016-10-13 21:26,6.3,79,8,496,0
2016-10-13 21:24,6.3,79,8,496,0
2016-10-13 21:23,6.3,79,8,496,0
2016-10-13 21:21,6.3,79,8,496,0
2016-10-13 21:21,6.3,79,8,496,0
2016-10-13 21:18,6.3,79,8,496,0
2016-10-13 21:18,6.3,79,8,496,0
2016-10-13 21:17,6.3,79,8,496,0
2016-10-13 21:15,6.2,79,12.7,496,0
2016-10-13 21:15,6.2,79,12.7,496,0
2016-10-13 21:12,6.2,79,12.7,496,0
2016-10-13 21:12,6.2,79,12.7,496,0
2016-10-13 21:03,6.3,79,9.1,496,0
2016-10-13 21:03,6.3,79,9.1,496,0
2016-10-13 21:00,6.3,79,9.1,496,0
2016-10-13 21:00,6.3,79,9.1,496,0
2016-10-13 20:57,6.3,79,9.1,496,0
2016-10-13 20:57,6.3,79,9.1,496,0
2016-10-13 20:57,6.3,79,9.1,496,0
2016-10-13 20:55,6.3,79,9.4,496,0
2016-10-13 20:54,6.3,79,9.4,496,0
2016-10-13 20:49,6.2,80,4.1,496,0
2016-10-13 20:48,6.2,80,4.1,496,0
2016-10-13 20:46,6.2,80,4.1,496,0
2016-10-13 20:45,6.2,80,4.1,496,0
2016-10-13 20:43,6.2,80,4.1,496,0
2016-10-13 20:42,6.2,80,4.1,496,0
2016-10-13 20:42,6.2,80,4.1,496,0
2016-10-13 20:24,6.2,80,11.1,496,0
2016-10-13 20:22,6.2,80,11.1,496,0
2016-10-13 20:22,6.2,80,11.1,496,0
2016-10-13 20:19,6.2,80,11.1,496,0
2016-10-13 20:19,6.2,80,11.1,496,0
2016-10-13 20:16,6.2,80,11.1,496,0
2016-10-13 20:16,6.2,80,11.1,496,0
2016-10-13 20:05,6.3,81,25,496,0
2016-10-13 20:04,6.3,81,25,496,0
2016-10-13 20:02,6.3,81,25,496,0
2016-10-13 19:59,6.3,81,25,496,0
2016-10-13 19:58,6.3,81,25,496,0
2016-10-13 19:56,6.3,81,25,496,0
2016-10-13 19:34,6.3,80,7.7,496,0
2016-10-13 19:32,6.3,80,7.7,496,0
2016-10-13 19:31,6.3,80,7.7,496,0
2016-10-13 19:29,6.3,80,7.7,496,0
2016-10-13 19:28,6.3,80,7.7,496,0
2016-10-13 19:26,6.3,80,7.7,496,0
2016-10-13 19:25,6.3,80,7.7,496,0
2016-10-13 19:25,6.3,80,7.7,496,0
2016-10-13 19:20,6.3,80,2.5,496,0
2016-10-13 19:20,6.3,80,2.5,496,0
2016-10-13 19:17,6.3,80,2.5,496,0
2016-10-13 19:17,6.3,80,2.5,496,0
2016-10-13 19:15,6.3,80,2.5,496,0
2016-10-13 19:14,6.3,80,2.5,496,0
2016-10-13 19:13,6.3,80,2.5,496,0
2016-10-13 19:12,6.4,80,36.1,496,0
2016-10-13 19:11,6.4,80,36.1,496,0
2016-10-13 19:09,6.4,80,36.1,496,0
2016-10-13 19:08,6.4,80,36.1,496,0
2016-10-13 19:06,6.4,80,36.1,496,0
2016-10-13 19:05,6.4,80,36.1,496,0
2016-10-13 19:05,6.4,80,6.6,496,0
2016-10-13 19:03,6.4,80,6.6,496,0
2016-10-13 19:02,6.4,80,6.6,496,0
2016-10-13 19:02,6.4,80,7.7,496,0
2016-10-13 19:00,6.4,80,7.7,496,0
2016-10-13 19:00,6.4,79,8.8,496,0
2016-10-13 18:59,6.4,79,8.8,496,0
2016-10-13 18:57,6.4,79,8.8,496,0
2016-10-13 18:57,6.4,80,19.7,496,0
2016-10-13 18:56,6.4,80,19.7,496,0
2016-10-13 18:55,6.4,80,19.7,496,0
2016-10-13 18:54,6.4,80,4.7,496,0
2016-10-13 18:53,6.4,80,4.7,496,0
2016-10-13 18:52,6.4,80,4.7,496,0
2016-10-13 18:48,6.4,79,8.8,496,0
2016-10-13 18:47,6.4,79,8.8,496,0
2016-10-13 18:45,6.4,79,8.8,496,0
2016-10-13 18:44,6.4,79,8.8,496,0
2016-10-13 18:42,6.4,79,8.8,496,0
2016-10-13 18:41,6.4,79,8.8,496,0
2016-10-13 18:40,6.4,79,8.8,496,0
2016-10-13 17:58,6.4,80,9.4,496,0
2016-10-13 17:57,6.4,80,9.4,496,0
2016-10-13 17:55,6.4,80,9.4,496,0
2016-10-13 17:54,6.4,80,9.4,496,0
2016-10-13 17:52,6.4,80,9.4,496,0
2016-10-13 17:49,6.4,80,9.4,496,0
2016-10-13 17:49,6.4,80,9.4,496,0
2016-10-13 17:40,6.4,80,4.4,496,0
2016-10-13 17:39,6.4,80,4.4,496,0
2016-10-13 17:37,6.4,80,4.4,496,0
2016-10-13 17:36,6.4,80,4.4,496,0
2016-10-13 17:35,6.4,80,4.4,496,0
2016-10-13 17:33,6.4,80,4.4,496,0
2016-10-13 17:32,6.4,80,4.4,496,0
2016-10-13 17:31,6.4,80,4.4,496,0
2016-10-13 17:22,6.4,80,7.7,496,0
2016-10-13 17:20,6.4,80,7.7,496,0
2016-10-13 17:19,6.4,80,7.7,496,0
2016-10-13 17:17,6.4,80,7.7,496,0
2016-10-13 17:16,6.4,80,7.7,496,0
2016-10-13 17:14,6.4,80,7.7,496,0
2016-10-13 17:13,6.4,80,7.7,496,0
2016-10-13 16:14,6.8,79,1.6,496,0
2016-10-13 16:12,6.8,79,1.6,496,0
2016-10-13 16:11,6.8,79,1.6,496,0
2016-10-13 16:09,6.8,79,1.6,496,0
2016-10-13 16:08,6.8,79,1.6,496,0
2016-10-13 16:06,6.8,79,1.6,496,0
2016-10-13 16:05,6.8,79,1.6,496,0
2016-10-13 16:04,6.8,79,1.6,496,0
2016-10-13 15:44,7.2,74,39.4,496,0
2016-10-13 15:43,7.2,74,39.4,496,0
2016-10-13 15:41,7.2,74,39.4,496,0
2016-10-13 15:40,7.2,74,39.4,496,0
2016-10-13 15:38,7.2,74,39.4,496,0
2016-10-13 15:37,7.2,74,39.4,496,0
2016-10-13 15:37,7.2,74,39.4,496,0
2016-10-13 15:32,7.3,74,11.3,496,0
2016-10-13 15:31,7.3,74,11.3,496,0
2016-10-13 15:29,7.3,74,11.3,496,0
2016-10-13 15:28,7.3,74,11.3,496,0
2016-10-13 15:27,7.3,74,11.3,496,0
2016-10-13 15:25,7.3,74,11.3,496,0
2016-10-13 15:24,7.3,74,11.3,496,0
2016-10-13 15:24,7.3,74,50.5,496,0
2016-10-13 15:22,7.3,74,50.5,496,0
2016-10-13 15:21,7.3,74,50.5,496,0
2016-10-13 15:19,7.3,74,50.5,496,0
2016-10-13 15:18,7.3,74,50.5,496,0
2016-10-13 15:16,7.3,74,50.5,496,0
2016-10-13 15:16,7.3,74,50.5,496,0
2016-10-13 15:00,7.3,75,12.7,496,0
2016-10-13 14:59,7.3,75,12.7,496,0
2016-10-13 14:57,7.3,75,12.7,496,0
2016-10-13 14:56,7.3,75,12.7,496,0
2016-10-13 14:54,7.3,75,12.7,496,0
2016-10-13 14:53,7.3,75,12.7,496,0
2016-10-13 14:51,7.3,75,12.7,496,0
2016-10-13 14:51,7.3,75,12.7,496,0
2016-10-13 13:19,7.4,79,6.1,496,0
2016-10-13 13:17,7.4,79,6.1,496,0
2016-10-13 13:16,7.4,79,6.1,496,0
2016-10-13 13:13,7.4,79,6.1,496,0
2016-10-13 13:11,7.4,79,6.1,496,0
2016-10-13 13:10,7.4,79,6.1,496,0
2016-10-13 13:09,7.4,79,6.1,496,0
2016-10-13 12:30,7.4,83,10,496,0
2016-10-13 12:29,7.4,83,10,496,0
2016-10-13 12:27,7.4,83,10,496,0
2016-10-13 12:26,7.4,83,10,496,0
2016-10-13 12:24,7.4,83,10,496,0
2016-10-13 12:23,7.4,83,10,496,0
2016-10-13 12:21,7.4,83,10,496,0
2016-10-13 12:21,7.3,83,5.8,496,0
2016-10-13 12:20,7.3,83,5.8,496,0
2016-10-13 12:18,7.3,83,5.8,496,0
2016-10-13 12:17,7.3,83,5.8,496,0
2016-10-13 12:16,7.3,83,5.8,496,0
2016-10-13 12:15,7.3,83,7.5,496,0
2016-10-13 12:14,7.3,83,7.5,496,0
2016-10-13 12:12,7.3,83,7.5,496,0
2016-10-13 12:11,7.3,83,7.5,496,0
2016-10-13 12:11,7.3,83,7.5,496,0
2016-10-13 11:54,7.2,86,37.5,496,0
2016-10-13 11:53,7.2,86,37.5,496,0
2016-10-13 11:51,7.2,86,37.5,496,0
2016-10-13 11:50,7.2,86,37.5,496,0
2016-10-13 11:48,7.2,86,37.5,496,0
2016-10-13 11:47,7.2,86,37.5,496,0
2016-10-13 11:45,7.2,86,37.5,496,0
2016-10-13 11:45,7.2,86,37.5,496,0
2016-10-13 11:44,7.3,86,12.2,496,0
2016-10-13 11:42,7.3,86,12.2,496,0
2016-10-13 11:41,7.3,86,12.2,496,0
2016-10-13 11:40,7.3,86,12.2,496,0
2016-10-13 10:49,7.1,87,8.6,496,0
2016-10-13 10:49,7.1,87,8.6,496,0
2016-10-13 10:46,7.1,87,8.6,496,0
2016-10-13 10:46,7.1,87,8.6,496,0
2016-10-13 10:43,7.1,87,8.6,496,0
2016-10-13 10:43,7.1,87,8.6,496,0
2016-10-13 10:42,7.1,87,8.6,496,0
2016-10-13 10:07,7.1,87,13.3,496,0
2016-10-13 10:04,7.1,87,13.3,496,0
2016-10-13 10:02,7.1,87,13.3,496,0
2016-10-13 10:01,7.1,87,13.3,496,0
2016-10-13 09:59,7.1,87,13.3,496,0
2016-10-13 09:59,7.1,87,13.3,496,0
2016-10-13 09:58,7.1,87,13.3,496,0
2016-10-13 09:50,7.2,87,22.5,496,0
2016-10-13 09:47,7.2,87,22.5,496,0
2016-10-13 09:47,7.2,87,22.5,496,0
2016-10-13 09:44,7.2,87,22.5,496,0
2016-10-13 09:44,7.2,87,22.5,496,0
2016-10-13 09:41,7.2,87,22.5,496,0
2016-10-13 09:41,7.2,87,22.5,496,0
2016-10-13 09:41,7.2,87,22.5,496,0
2016-10-13 09:38,7.2,87,5.2,496,0
2016-10-13 09:38,7.2,87,5.2,496,0
2016-10-13 09:38,7.2,87,6.3,496,0
2016-10-13 09:35,7.2,87,6.3,496,0
2016-10-13 09:35,7.2,87,6.3,496,0
2016-10-13 09:33,7.2,87,6.3,496,0
2016-10-13 09:09,7.1,88,5.2,496,0
2016-10-13 09:09,7.1,88,5.2,496,0
2016-10-13 09:06,7.1,88,5.2,496,0
2016-10-13 09:06,7.1,88,5.2,496,0
2016-10-13 09:03,7.1,88,5.2,496,0
2016-10-13 09:03,7.1,88,5.2,496,0
2016-10-13 09:00,7.1,88,5.2,496,0
2016-10-13 09:00,7.1,88,5.2,496,0
2016-10-13 09:00,7.1,88,1.3,496,0
2016-10-13 08:57,7.1,88,1.3,496,0
2016-10-13 08:57,7.2,88,7.7,496,0
2016-10-13 08:57,7.2,88,7.7,496,0
2016-10-13 08:55,7.2,88,7.7,496,0
2016-10-13 08:54,7.2,88,6.3,496,0
2016-10-13 08:54,7.2,88,6.3,496,0
2016-10-13 08:51,7.2,88,6.3,496,0
2016-10-13 08:51,7.2,88,6.3,496,0
2016-10-13 08:50,7.2,88,6.3,496,0
2016-10-13 08:48,7.2,88,7.5,496,0
2016-10-13 08:48,7.2,88,7.5,496,0
2016-10-13 08:45,7.2,88,7.5,496,0
2016-10-13 08:45,7.2,88,7.5,496,0
2016-10-13 08:45,7.2,88,7.5,496,0
2016-10-13 08:33,7.1,88,8.8,496,0
2016-10-13 08:31,7.1,88,8.8,496,0
2016-10-13 08:30,7.1,88,8.8,496,0
2016-10-13 08:28,7.1,88,8.8,496,0
2016-10-13 08:27,7.1,88,8.8,496,0
2016-10-13 08:25,7.1,88,8.8,496,0
2016-10-13 08:24,7.1,88,8.8,496,0
2016-10-13 08:22,7.2,88,10.2,496,0
2016-10-13 07:55,7.2,90,25,496,0
2016-10-13 07:52,7.2,90,25,496,0
2016-10-13 07:49,7.2,90,25,496,0
2016-10-13 07:49,7.2,90,25,496,0
2016-10-13 07:46,7.2,90,3.6,496,0
2016-10-13 07:43,7.2,90,3.6,496,0
2016-10-13 07:40,7.2,90,3.6,496,0
2016-10-13 07:39,7.2,90,3.6,496,0
2016-10-13 07:31,7.2,91,4.1,496,0
2016-10-13 07:28,7.2,91,4.1,496,0
2016-10-13 07:26,7.2,91,4.1,496,0
2016-10-13 07:23,7.2,91,4.1,496,0
2016-10-13 07:23,7.1,91,4.7,496,0
2016-10-13 07:20,7.1,91,4.7,496,0
2016-10-13 07:17,7.1,91,4.7,496,0
2016-10-13 07:14,7.1,91,4.7,496,0
2016-10-13 07:13,7.1,91,4.7,496,0
2016-10-13 07:11,7.2,91,5.5,496,0
2016-10-13 07:08,7.2,91,5.5,496,0
2016-10-13 07:08,7.2,91,4.7,496,0
2016-10-13 07:05,7.2,91,4.7,496,0
2016-10-13 07:02,7.2,91,4.7,496,0
2016-10-13 07:01,7.2,91,4.7,496,0
2016-10-13 06:59,7.2,91,4.4,496,0
2016-10-13 06:56,7.2,91,4.4,496,0
2016-10-13 06:55,7.2,91,4.4,496,0
2016-10-13 06:00,7.2,92,5.5,496,0
2016-10-13 05:57,7.2,92,5.5,496,0
2016-10-13 05:54,7.2,92,5.5,496,0
2016-10-13 05:52,7.2,92,5.5,496,0
2016-10-13 05:37,7.1,92,6.1,496,0
2016-10-13 05:34,7.1,92,6.1,496,0
2016-10-13 05:31,7.1,92,6.1,496,0
2016-10-13 05:29,7.1,92,6.1,496,0
2016-10-13 05:25,7.1,92,5,496,0
2016-10-13 05:22,7.1,92,5,496,0
2016-10-13 05:19,7.1,92,5,496,0
2016-10-13 05:16,7.1,92,5,496,0
2016-10-13 05:16,7.1,92,5.5,496,0
2016-10-13 05:14,7.1,92,5.5,496,0
2016-10-13 05:13,7.1,92,3.3,496,0
2016-10-13 05:10,7.1,92,3.3,496,0
2016-10-13 05:07,7.1,92,3.3,496,0
2016-10-13 05:06,7.1,92,3.3,496,0
2016-10-13 05:04,7.1,92,1.3,496,0
2016-10-13 05:01,7.1,92,1.3,496,0
2016-10-13 04:59,7.1,92,1.3,496,0
2016-10-13 04:35,7,92,2.7,496,0
2016-10-13 04:32,7,92,2.7,496,0
2016-10-13 04:29,7,92,2.7,496,0
2016-10-13 04:28,7,92,2.7,496,0
2016-10-13 04:20,7,92,2.5,496,0
2016-10-13 04:17,7,92,2.5,496,0
2016-10-13 04:14,7,92,2.5,496,0
2016-10-13 04:13,7,92,2.5,496,0
2016-10-13 04:11,7,92,3.8,496,0
2016-10-13 04:10,7,92,3.8,496,0
2016-10-13 04:00,7.1,92,4.7,496,0
2016-10-13 03:57,7.1,92,4.7,496,0
2016-10-13 03:54,7.1,92,4.7,496,0
2016-10-13 03:52,7.1,92,4.7,496,0
2016-10-13 03:33,7.1,92,6.3,494,0
2016-10-13 03:30,7.1,92,6.3,494,0
2016-10-13 03:27,7.1,92,6.3,494,0
2016-10-13 03:24,7.1,92,6.3,494,0
2016-10-13 03:24,7.1,92,4.7,494,0
2016-10-13 03:21,7.1,92,4.7,494,0
2016-10-13 03:19,7.1,92,4.7,494,0
2016-10-13 03:18,7.1,92,2.5,494,0
2016-10-13 03:16,7.1,92,2.5,494,0
2016-10-13 03:14,7.1,92,2.5,494,0
2016-10-13 02:48,7.2,91,3.8,492,0
2016-10-13 02:46,7.2,91,3.8,492,0
2016-10-13 02:43,7.2,91,3.8,492,0
2016-10-13 02:42,7.2,91,3.8,492,0
2016-10-13 02:40,7.2,91,3.8,492,0
2016-10-13 02:39,7.2,91,3.8,492,0
2016-10-13 02:39,7.2,91,3.8,492,0
2016-10-13 02:37,7.2,92,2.2,492,0
2016-10-13 02:36,7.2,92,2.2,492,0
2016-10-13 00:56,7.1,91,6.1,492,0
2016-10-13 00:54,7.1,91,6.1,492,0
2016-10-13 00:53,7.1,91,6.1,492,0
2016-10-13 00:51,7.1,91,6.1,492,0
2016-10-13 00:48,7.1,91,6.1,492,0
2016-10-13 00:47,7.1,91,6.1,492,0
2016-10-13 00:47,7.1,91,6.1,492,0
2016-10-13 00:01,7.3,88,12.2,492,0
2016-10-12 23:58,7.3,88,12.2,492,0
2016-10-12 23:55,7.3,88,12.2,492,0
2016-10-12 23:53,7.3,88,12.2,492,0
2016-10-12 22:36,6.9,90,5,492,0
2016-10-12 22:33,6.9,90,5,492,0
2016-10-12 22:30,6.9,90,5,492,0
2016-10-12 22:30,6.9,90,5,492,0
2016-10-12 22:27,6.9,90,25.2,492,0
2016-10-12 22:27,6.9,90,25.2,492,0
2016-10-12 22:21,7,89,4.1,492,0
2016-10-12 22:18,7,89,4.1,492,0
2016-10-12 22:15,7,89,4.1,492,0
2016-10-12 22:14,7,89,4.1,492,0
2016-10-12 22:12,7,89,8.6,492,0
2016-10-12 22:12,7,89,8.6,492,0
2016-10-12 22:10,7.1,89,4.1,492,0
2016-10-12 22:09,7.1,89,4.1,492,0
2016-10-12 22:07,7.1,89,1.9,492,0
2016-10-12 22:04,7.1,89,1.9,492,0
2016-10-12 22:02,7.1,89,1.9,492,0
2016-10-12 21:55,7.1,88,4.1,492,0
2016-10-12 21:52,7.1,88,4.1,492,0
2016-10-12 21:49,7.1,88,4.1,492,0
2016-10-12 21:46,7.1,88,4.1,492,0
2016-10-12 21:46,7.1,89,4.7,492,0
2016-10-12 21:43,7.1,89,4.7,492,0
2016-10-12 21:41,7.1,89,4.7,492,0
2016-10-12 21:40,7.1,89,2.7,492,0
2016-10-12 21:39,7.1,89,2.7,492,0
2016-10-12 21:37,7.1,89,2.7,492,0
2016-10-12 21:34,7.1,89,2.7,492,0
2016-10-12 21:34,7.1,89,2.7,492,0
2016-10-12 21:31,7.1,89,3,492,0
2016-10-12 21:30,7.1,89,3,492,0
2016-10-12 21:28,7.1,89,3,492,0
2016-10-12 21:25,7.1,89,3,492,0
2016-10-12 21:24,7.1,89,3,492,0
2016-10-12 20:53,7,89,3.8,492,0
2016-10-12 20:50,7,89,3.8,492,0
2016-10-12 20:47,7,89,3.8,492,0
2016-10-12 20:45,7,89,3.8,492,0
2016-10-12 20:15,7,89,0.8,492,0
2016-10-12 20:12,7,89,0.8,492,0
2016-10-12 20:09,7,89,0.8,492,0
2016-10-12 20:07,7,89,0.8,492,0
2016-10-12 19:57,7.1,88,27.2,492,0
2016-10-12 19:54,7.1,88,27.2,492,0
2016-10-12 19:51,7.1,88,27.2,492,0
2016-10-12 19:49,7.1,88,27.2,492,0
2016-10-12 19:48,7,88,5.8,492,0
2016-10-12 19:45,7,88,5.8,492,0
2016-10-12 19:44,7,88,5.8,492,0
2016-10-12 19:42,7,89,3,492,0
2016-10-12 19:40,7,89,3,492,0
2016-10-12 19:39,7,89,3,492,0
2016-10-12 19:19,7,90,1.9,492,0
2016-10-12 19:16,7,90,1.9,492,0
2016-10-12 19:13,7,90,1.9,492,0
2016-10-12 19:11,7,90,1.9,492,0
2016-10-12 19:10,7,90,3.3,492,0
2016-10-12 19:07,7,90,3.3,492,0
2016-10-12 19:04,7,90,3.3,492,0
2016-10-12 19:04,7,90,3.3,492,0
2016-10-12 18:47,7,90,5.2,492,0
2016-10-12 18:44,7,90,5.2,492,0
2016-10-12 18:41,7,90,5.2,492,0
2016-10-12 18:38,7,90,5.2,492,0
2016-10-12 18:38,7,91,1.6,492,0
2016-10-12 18:36,7,91,1.6,492,0
2016-10-12 18:35,7,91,1.9,492,0
2016-10-12 18:32,7,91,1.9,492,0
2016-10-12 18:31,7,91,1.9,492,0
2016-10-12 18:29,7,91,2.5,492,0
2016-10-12 18:26,7,91,2.5,492,0
2016-10-12 18:23,7,91,2.5,492,0
2016-10-12 18:17,7,91,4.1,492,0
2016-10-12 18:14,7,91,4.1,492,0
2016-10-12 18:11,7,91,4.1,492,0
2016-10-12 18:10,7,91,4.1,492,0
2016-10-12 17:48,6.9,91,1.6,492,0
2016-10-12 17:45,6.9,91,1.6,492,0
2016-10-12 17:42,6.9,91,1.6,492,0
2016-10-12 17:40,6.9,91,1.6,492,0
2016-10-12 17:39,6.9,91,0.5,492,0
2016-10-12 17:36,6.9,91,0.5,492,0
2016-10-12 17:35,6.9,91,0.5,492,0
2016-10-12 17:24,6.8,91,3,492,0
2016-10-12 17:21,6.8,91,3,492,0
2016-10-12 17:18,6.8,91,3,492,0
2016-10-12 17:17,6.8,91,3,492,0
2016-10-12 17:15,6.8,90,5.2,491,0
2016-10-12 17:12,6.8,90,5.2,491,0
2016-10-12 17:12,6.8,90,5.2,491,0
2016-10-12 17:09,6.9,90,2.5,491,0
2016-10-12 17:07,6.9,90,2.5,491,0
2016-10-12 17:04,7,89,2.2,490,0
2016-10-12 17:01,7,89,2.2,490,0
2016-10-12 16:58,7,89,2.2,490,0
2016-10-12 16:57,7,89,2.2,490,0
2016-10-12 16:55,7,89,1.3,490,0
2016-10-12 16:54,7,89,1.3,490,0
2016-10-12 16:49,7.2,87,7.7,490,0
2016-10-12 16:46,7.2,87,7.7,490,0
2016-10-12 16:43,7.2,87,7.7,490,0
2016-10-12 16:41,7.2,87,7.7,490,0
2016-10-12 15:50,7.3,86,4.4,489,0
2016-10-12 15:47,7.3,86,4.4,489,0
2016-10-12 15:44,7.3,86,4.4,489,0
2016-10-12 15:43,7.3,86,4.4,489,0
2016-10-12 15:06,7.2,86,6.9,489,0
2016-10-12 15:03,7.2,86,6.9,489,0
2016-10-12 15:03,7.2,86,6.9,489,0
2016-10-12 15:00,7.2,86,6.9,489,0
2016-10-12 14:57,7.2,86,6.9,489,0
2016-10-12 14:57,7.2,86,6.9,489,0
2016-10-12 14:54,7.2,86,5.8,489,0
2016-10-12 14:51,7.2,86,5.8,489,0
2016-10-12 14:48,7.2,86,5.8,489,0
2016-10-12 14:47,7.2,86,5.8,489,0
2016-10-12 14:42,7.6,84,4.4,489,0
2016-10-12 14:39,7.6,84,4.4,489,0
2016-10-12 14:37,7.6,84,4.4,489,0
2016-10-12 14:34,7.6,84,4.4,489,0
2016-10-12 14:34,7.6,83,6.9,489,0
2016-10-12 14:32,7.6,83,6.9,489,0
2016-10-12 14:28,7.6,83,6.1,489,0
2016-10-12 14:28,7.6,83,6.1,489,0
2016-10-12 14:25,7.6,83,6.1,489,0
2016-10-12 14:22,7.6,83,6.1,489,0
2016-10-12 14:19,7.6,83,6.1,489,0
2016-10-12 14:07,7.6,83,3.8,489,0
2016-10-12 14:04,7.6,83,3.8,489,0
2016-10-12 14:01,7.6,83,3.8,489,0
2016-10-12 13:59,7.6,83,3.8,489,0
2016-10-12 13:35,7.5,85,6.6,489,0
2016-10-12 13:35,7.5,85,6.6,489,0
2016-10-12 13:32,7.5,85,6.6,489,0
2016-10-12 13:32,7.5,85,6.6,489,0
2016-10-12 13:29,7.5,85,6.6,489,0
2016-10-12 13:26,7.5,85,6.6,489,0
2016-10-12 13:26,7.5,85,6.6,489,0
2016-10-12 12:39,7.5,87,2.5,489,0
2016-10-12 12:39,7.5,87,2.5,489,0
2016-10-12 12:36,7.5,87,2.5,489,0
2016-10-12 12:36,7.5,87,2.5,489,0
2016-10-12 12:33,7.5,87,2.5,489,0
2016-10-12 12:33,7.5,87,2.5,489,0
2016-10-12 12:30,7.5,87,2.5,489,0
2016-10-12 12:30,7.5,87,2.5,489,0
2016-10-12 12:30,7.5,87,2.5,489,0
2016-10-12 12:27,7.4,87,32.2,489,0
2016-10-12 12:27,7.4,87,32.2,489,0
2016-10-12 12:25,7.4,87,32.2,489,0
2016-10-12 12:04,7.5,88,3.3,489,0
2016-10-12 12:01,7.5,88,3.3,489,0
2016-10-12 12:00,7.5,88,3.3,489,0
2016-10-12 11:58,7.5,88,3.3,489,0
2016-10-12 11:55,7.5,88,3.3,489,0
2016-10-12 11:54,7.5,88,3.3,489,0
2016-10-12 11:54,7.5,88,3.3,489,0
2016-10-12 11:40,7.4,89,2.5,489,0
2016-10-12 11:40,7.4,89,2.5,489,0
2016-10-12 11:37,7.4,89,2.5,489,0
2016-10-12 11:37,7.4,89,2.5,489,0
2016-10-12 11:34,7.4,89,2.5,489,0
2016-10-12 11:34,7.4,89,2.5,489,0
2016-10-12 11:31,7.4,89,2.5,489,0
2016-10-12 11:31,7.2,89,21.3,489,0
2016-10-12 11:31,7.2,89,21.3,489,0
2016-10-12 11:28,7.2,89,21.3,489,0
2016-10-12 11:25,7.2,89,21.3,489,0
2016-10-12 11:25,7.2,89,21.3,489,0
2016-10-12 11:24,7.2,89,21.3,489,0
2016-10-12 10:41,6.9,91,3.6,489,0
2016-10-12 10:41,6.9,91,3.6,489,0
2016-10-12 10:38,6.9,91,3.6,489,0
2016-10-12 10:38,6.9,91,3.6,489,0
2016-10-12 10:35,6.9,91,3.6,489,0
2016-10-12 10:35,6.9,91,3.6,489,0
2016-10-12 10:33,6.9,91,3.6,489,0
2016-10-12 09:13,6.8,92,3.3,489,0
2016-10-12 09:12,6.8,92,3.3,489,0
2016-10-12 09:10,6.8,92,3.3,489,0
2016-10-12 09:09,6.8,92,3.3,489,0
2016-10-12 09:07,6.8,92,3.3,489,0
2016-10-12 09:06,6.8,92,3.3,489,0
2016-10-12 09:04,6.8,92,3.3,489,0
2016-10-12 09:04,6.8,92,3.3,489,0
2016-10-12 09:03,6.8,92,4.1,489,0
2016-10-12 09:01,6.8,92,4.1,489,0
2016-10-12 09:00,6.8,92,4.1,489,0
2016-10-12 08:59,6.8,92,4.1,489,0
2016-10-12 06:40,6.4,94,1.3,486,0
2016-10-12 06:39,6.4,94,1.3,486,0
2016-10-12 06:37,6.4,94,1.3,486,0
2016-10-12 06:36,6.4,94,1.3,486,0
2016-10-12 06:34,6.4,94,1.3,486,0
2016-10-12 06:33,6.4,94,1.3,486,0
2016-10-12 06:31,6.4,94,1.3,486,0
2016-10-12 06:25,6.4,94,4.4,486,0
2016-10-12 06:24,6.4,94,4.4,486,0
2016-10-12 06:22,6.4,94,4.4,486,0
2016-10-12 06:21,6.4,94,4.4,486,0
2016-10-12 06:19,6.4,94,4.4,486,0
2016-10-12 06:18,6.4,94,4.4,486,0
2016-10-12 06:16,6.4,94,4.4,486,0
2016-10-12 06:16,6.4,94,4.4,486,0
2016-10-12 06:15,6.3,94,3.8,486,0
2016-10-12 06:13,6.3,94,3.8,486,0
2016-10-12 06:12,6.3,94,3.8,486,0
2016-10-12 06:11,6.3,94,3.8,486,0
2016-10-12 06:09,6.3,94,3.8,486,0
2016-10-12 06:08,6.3,94,3.8,486,0
2016-10-12 05:57,6.3,93,3,486,0
2016-10-12 05:56,6.3,93,3,486,0
2016-10-12 05:55,6.3,93,3,486,0
2016-10-12 05:53,6.3,93,3,486,0
2016-10-12 05:52,6.3,93,3,486,0
2016-10-12 05:50,6.3,93,3,486,0
2016-10-12 05:49,6.3,93,3,486,0
2016-10-12 05:48,6.3,93,3,486,0
2016-10-12 05:26,6.2,94,2.7,485,0
2016-10-12 05:25,6.2,94,2.7,485,0
2016-10-12 05:23,6.2,94,2.7,485,0
2016-10-12 05:22,6.2,94,2.7,485,0
2016-10-12 05:21,6.2,94,2.7,485,0
2016-10-12 05:19,6.2,94,2.7,485,0
2016-10-12 05:18,6.2,94,2.7,485,0
2016-10-12 05:18,6.2,93,3.8,485,0
2016-10-12 05:16,6.2,93,3.8,485,0
2016-10-12 05:15,6.2,93,3.8,485,0
2016-10-12 05:13,6.2,93,3.8,485,0
2016-10-12 05:12,6.2,93,3.8,485,0
2016-10-12 05:10,6.2,93,3.8,485,0
2016-10-12 05:10,6.2,93,3.8,485,0
2016-10-12 05:09,6.2,93,3.8,485,0
2016-10-12 05:07,6.2,93,3.8,485,0
2016-10-12 05:06,6.2,93,3.8,485,0
2016-10-12 05:04,6.2,93,3.8,485,0
2016-10-12 05:03,6.2,93,3.8,485,0
2016-10-12 05:02,6.2,93,3.8,485,0
2016-10-12 04:58,6.2,93,3.3,484,0
2016-10-12 04:57,6.2,93,3.3,484,0
2016-10-12 04:56,6.2,93,3.3,484,0
2016-10-12 04:54,6.2,93,3.3,484,0
2016-10-12 04:53,6.2,93,3.3,484,0
2016-10-12 04:51,6.2,93,3.3,484,0
